Component,Model/Spec,Quantity,Unit Cost (USD),Total Cost,Purpose,Supplier Example
Arduino UNO R3,ATmega328P 16MHz,1,$15.00,$15.00,Main microcontroller,Arduino Store / Amazon
LDR Sensor,GL5528 or equivalent,4,$0.10,$0.40,Vehicle density detection,AliExpress / Digi-Key
IR Sensor Module (optional),TCRT5000,4,$1.50,$6.00,Enhanced detection alternative,Amazon / Robocraze
Red LED,5mm 2.0V 20mA,4,$0.05,$0.20,Stop signal,Any electronics store
Yellow LED,5mm 2.1V 20mA,4,$0.05,$0.20,Caution signal,Any electronics store
Green LED,5mm 2.1V 20mA,4,$0.05,$0.20,Go signal,Any electronics store
SG90 Servo Motor,SG90 180° 4.8-6V,1,$3.00,$3.00,Emergency lane gate,Amazon / HobbyKing
Tactile Push Button,6x6mm 4-pin,1,$0.10,$0.10,Emergency trigger,Any electronics store
Resistor 220Ω,1/4W 5%,12,$0.05,$0.60,LED current limiting,Any electronics store
Resistor 10kΩ,1/4W 5%,4,$0.05,$0.20,LDR voltage divider,Any electronics store
Breadboard,830 tie-point,1,$5.00,$5.00,Prototyping platform,Amazon
Jumper Wires,Male-to-Male 20cm,40,$0.10,$4.00,Connections,Amazon
USB Cable Type-B,Standard Arduino cable,1,$3.00,$3.00,Programming and power,Any store
9V Battery + Connector,Optional external power,1,$2.00,$2.00,Standalone operation,Any store
,,,,,$39.90,Total Estimated Cost,
